prime,target,trialType
planned,expected,RealRelated
weak,strong,RealRelated
west,east,RealRelated
desired,wanted,RealRelated
street,road,RealRelated
variables,values,RealRelated
seven,six,RealRelated
soldier,military,RealRelated
part,section,RealRelated
solid,ground,RealRelated
side,effect,RealRelated
classes,schools,RealRelated
loud,voice,RealRelated
average,mean,RealRelated
raise,increase,RealRelated
bottom,top,RealRelated
personal,private,RealRelated
learners,students,RealRelated
far,further,RealRelated
furniture,table,RealRelated
days,months,RealRelated
states,america,RealRelated
work,department,RealRelated
different,various,RealRelated
soft,hard,RealRelated
began,statred,NonwordRelated
beauty,rat,NonwordRelated
private,perosnal,NonwordRelated
fun,paryt,NonwordRelated
second,thrid,NonwordRelated
balanced,leevl,NonwordRelated
strategy,plna,NonwordRelated
yellow,rde,NonwordRelated
game,plya,NonwordRelated
boy,igrl,NonwordRelated
curves,linse,NonwordRelated
left,ogne,NonwordRelated
hold,kpet,NonwordRelated
outside,natrue,NonwordRelated
needed,necessary,NonwordRelated
late,oson,NonwordRelated
solitary,alnoe,NonwordRelated
neither,nro,NonwordRelated
sit,sotod,NonwordRelated
slice,uct,NonwordRelated
husband,wfie,NonwordRelated
typically,usaully,NonwordRelated
walk,rnu,NonwordRelated
new,ieda,NonwordRelated
young,gae,NonwordRelated
crime,can't,RealUnrelated
more,foreign,RealUnrelated
tire,market,RealUnrelated
hours,sort,RealUnrelated
afternoon,instead,RealUnrelated
always,particular,RealUnrelated
back,late,RealUnrelated
emotion,beyond,RealUnrelated
white,industry,RealUnrelated
past,spirit,RealUnrelated
frequent,wrote,RealUnrelated
outter,england,RealUnrelated
city,heart,RealUnrelated
sum,looking,RealUnrelated
phone,floor,RealUnrelated
foundation,police,RealUnrelated
man,moved,RealUnrelated
seen,county,RealUnrelated
school,person,RealUnrelated
heretofore,basic,RealUnrelated
skate,miles,RealUnrelated
scratch,defense,RealUnrelated
variable,island,RealUnrelated
spanish,terms,RealUnrelated
loan,nations,RealUnrelated
condition,rset,NonwordUnrelated
dead,indede,NonwordUnrelated
war,rvier,NonwordUnrelated
daughter,cmoing,NonwordUnrelated
curent,osn,NonwordUnrelated
case,conditiosn,NonwordUnrelated
office,meetign,NonwordUnrelated
nurse,esepcially,NonwordUnrelated
men,adminisrtation,NonwordUnrelated
all,internatinoal,NonwordUnrelated
end,ihgher,NonwordUnrelated
truth,hlod,NonwordUnrelated
hardback,sipmle,NonwordUnrelated
shorter,subejct,NonwordUnrelated
thousand,codl,NonwordUnrelated
sea,cosst,NonwordUnrelated
burn,passde,NonwordUnrelated
leading,attetnion,NonwordUnrelated
hear,hundrde,NonwordUnrelated
light,gorwth,NonwordUnrelated
rule,support,NonwordUnrelated
college,taikng,NonwordUnrelated
ratio,moev,NonwordUnrelated
long,stgae,NonwordUnrelated
sing,forcse,NonwordUnrelated